"name","id","position","team","rank"
"Fernando Mendoza",158323,"QB","Indiana",1
"Arvell Reese",170264,"LB","Ohio State",2
"Jeremiyah Love",171090,"HB","Notre Dame",3
"Sonny Styles",162876,"LB","Ohio State",4
"Rueben Bain Jr.",170082,"ED","Miami (FL)",5
"David Bailey",157272,"ED","Texas Tech",6
"Francis Mauigoa",170088,"T","Miami (FL)",7
"Caleb Downs",172375,"S","Ohio State",8
"Mansoor Delane",157650,"CB","LSU",9
"Carnell Tate",170273,"WR","Ohio State",10
"Dillon Thieneman",174971,"S","Oregon",11
"Spencer Fano",174217,"T","Utah",12
"Monroe Freeling",173548,"T","Georgia",13
"Kenyon Sadiq",174132,"TE","Oregon",14
"Makai Lemon",174150,"WR","USC",15
"Olaivavega Ioane",164174,"G","Penn State",16
"Jermod McCoy",176404,"CB","Tennessee",17
"CJ Allen",173539,"LB","Georgia",18
"Jordyn Tyson",157690,"WR","Arizona State",19
"Akheem Mesidor",123427,"ED","Miami (FL)",20
"Emmanuel McNeil-Warren",163155,"S","Toledo",21
"Keldric Faulk",172447,"ED","Auburn",22
"Avieon Terrell",170031,"CB","Clemson",23
"Omar Cooper Jr.",156395,"WR","Indiana",24
"Blake Miller",156248,"T","Clemson",25
"Cashius Howell",145655,"ED","Texas A&M",26
"Kadyn Proctor",172392,"T","Alabama",27
"Kayden McDonald",170258,"DI","Ohio State",28
"T.J. Parker",170021,"ED","Clemson",29
"Max Iheanachor",171881,"T","Arizona State",30
"Denzel Boston",162481,"WR","Washington",31
"Caleb Banks",144146,"DI","Florida",32
"Peter Woods",170034,"DI","Clemson",33
"Colton Hood",172450,"CB","Tennessee",34
"KC Concepcion",170362,"WR","Texas A&M",35
"Emmanuel Pregnon",128427,"G","Oregon",36
"Christen Miller",163747,"DI","Georgia",37
"Caleb Lomu",176655,"T","Utah",38
"Lee Hunter",146676,"DI","Texas Tech",39
"Zion Young",158404,"ED","Missouri",40
"Brandon Cisse",170368,"CB","South Carolina",41
"Ty Simpson",157008,"QB","Alabama",42
"D'Angelo Ponds",172259,"CB","Indiana",43
"Chris Bell",156321,"WR","Louisville",44
"Jacob Rodriguez",151095,"LB","Texas Tech",45
"Chris Johnson",158794,"CB","San Diego State",46
"R Mason Thomas",158080,"ED","Oklahoma",47
"Chase Bisontis",172570,"G","Texas A&M",48
"Germie Bernard",158374,"WR","Alabama",49
"Keith Abney II",171875,"CB","Arizona State",50
"Gabe Jacas",158210,"ED","Illinois",51
"A.J. Haulcy",163349,"S","LSU",52
"Eli Stowers",147013,"TE","Vanderbilt",53
"Malachi Lawrence",144461,"ED","UCF",54
"Keionte Scott",163644,"CB","Miami (FL)",55
"Jadarian Price",156985,"HB","Notre Dame",56
"Gennings Dunker",144859,"T","Iowa",57
"Chris Brazzell II",158409,"WR","Tennessee",58
"Jake Golday",150178,"LB","Cincinnati",59
"Skyler Bell",145163,"WR","Connecticut",60
"Treydan Stukes",131596,"CB","Arizona",61
"Bryce Lance",148151,"WR","North Dakota State",62
"Joshua Josephs",163768,"ED","Tennessee",63
"Caleb Tiernan",145042,"T","Northwestern",64
"Derrick Moore",158543,"ED","Michigan",65
"Josiah Trotter",173191,"LB","Missouri",66
"Dani Dennis-Sutton",164163,"ED","Penn State",67
"Davison Igbinosun",157129,"CB","Ohio State",68
"Antonio Williams",156241,"WR","Clemson",69
"Gracen Halton",85774,"DI","Oklahoma",70
"Mike Washington Jr.",145672,"HB","Arkansas",71
"Domonique Orange",157602,"DI","Iowa State",72
"Elijah Sarratt",159499,"WR","Indiana",73
"Keylan Rutledge",156597,"G","Georgia Tech",74
"Zachariah Branch",174142,"WR","Georgia",75
"Max Klare",162884,"TE","Ohio State",76
"Romello Height",123988,"ED","Texas Tech",77
"Deion Burks",145107,"WR","Oklahoma",78
"Darrell Jackson Jr.",144910,"DI","Florida State",79
"Connor Lew",172456,"C","Auburn",80
"Kyle Louis",162770,"LB","Pittsburgh",81
"Kamari Ramsey",162465,"S","USC",82
"Chandler Rivers",156257,"CB","Duke",83
"Sam Hecht",144601,"C","Kansas State",84
"Devin Moore",157751,"CB","Florida",85
"Anthony Hill Jr.",173158,"LB","Texas",86
"Sam Roush",157270,"TE","Stanford",87
"Jalen Farmer",157745,"G","Kentucky",88
"Daylen Everette",157079,"CB","Georgia",89
"Jake Slaughter",146693,"C","Florida",90
"LT Overton",158667,"ED","Alabama",91
"Keyron Crawford",156660,"ED","Auburn",92
"Garrett Nussmeier",146757,"QB","LSU",93
"Rayshaun Benny",144933,"DI","Michigan",94
"Logan Jones",129473,"C","Iowa",95
"Drew Allar",164157,"QB","Penn State",96
"Ted Hurst",187922,"WR","Georgia State",97
"Genesis Smith",171868,"S","Arizona",98
"Jonah Coleman",158717,"HB","Washington",99
"Malachi Fields",151069,"WR","Notre Dame",100
"Markel Bell",183226,"T","Miami (FL)",101
"Jaishawn Barham",156452,"ED","Michigan",102
"Keyshaun Elliott",156945,"LB","Arizona State",103
"Zakee Wheatley",145099,"S","Penn State",104
"Malik Muhammad",173165,"CB","Texas",105
"Michael Trigg",146410,"TE","Baylor",106
"Dontay Corleone",133825,"DI","Cincinnati",107
"Dametrious Crownover",146990,"T","Texas A&M",108
"Anthony Lucas",158657,"ED","USC",109
"Deontae Lawson",146608,"LB","Alabama",110
"Kaleb Proctor",160131,"DI","Southeastern Louisiana",111
"De'Zhaun Stribling",146508,"WR","Mississippi",112
"Carson Beck",124010,"QB","Miami (FL)",113
"Will Lee III",173110,"CB","Texas A&M",114
"Billy Schrauth",156979,"G","Notre Dame",115
"Brenen Thompson",163865,"WR","Mississippi State",116
"Bud Clark",123066,"S","TCU",117
"CJ Daniels",123874,"WR","Miami (FL)",118
"Zxavian Harris",163658,"DI","Mississippi",119
"Mikail Kamara",138455,"ED","Indiana",120
"Kage Casey",157197,"T","Boise State",121
"Landon Robinson",162580,"DI","Navy",122
"Tacario Davis",158719,"CB","Washington",123
"Tyreak Sapp",157752,"ED","Florida",124
"Chris McClellan",157743,"DI","Missouri",125
"Brian Parker II",162699,"T","Duke",126
"Seth McGowan",122936,"HB","Kentucky",127
"Jalon Kilgore",174323,"CB","South Carolina",128
"Justin Joly",158620,"TE","North Carolina State",129
"Reggie Virgil",158022,"WR","Texas Tech",130
"Jack Endries",158317,"TE","Texas",131
"Eric McAlister",145976,"WR","TCU",132
"Beau Stephens",144860,"G","Iowa",133
"Jude Bowry",156223,"T","Boston College",134
"Bryce Boettcher",163288,"LB","Oregon",135
"Ja'Kobi Lane",176638,"WR","USC",136
"Emmett Johnson",156473,"HB","Nebraska",137
"Marlin Klein",162818,"TE","Michigan",138
"Charles Demmings",150672,"CB","Stephen F. Austin",139
"Mason Reiger",122721,"ED","Wisconsin",140
"Jager Burton",146741,"C","Kentucky",141
"Dallen Bentley",176648,"TE","Utah",142
"Trey Zuhn III",147019,"T","Texas A&M",143
"Tim Keenan III",146617,"DI","Alabama",144
"Taurean York",172604,"LB","Texas A&M",145
"Nicholas Singleton",164188,"HB","Penn State",146
"J.C. Davis",157231,"T","Illinois",147
"Nadame Tucker",156169,"ED","Western Michigan",148
"Austin Barber",146692,"T","Florida",149
"Le'Veon Moss",158664,"HB","Texas A&M",150
"Devon Marshall",160445,"CB","North Carolina State",151
"Max Llewellyn",144874,"ED","Iowa",152
"Isaiah World",158252,"T","Oregon",153
"Jaydn Ott",158325,"HB","Oklahoma",154
"Cyrus Allen",156582,"WR","Cincinnati",155
"Caleb Douglas",157740,"WR","Texas Tech",156
"Diego Pounds",143976,"T","Mississippi",157
"Nate Boerkircher",129676,"TE","Texas A&M",158
"Kaytron Allen",164158,"HB","Penn State",159
"Joe Royer",52545,"TE","Cincinnati",160
"Eli Raridon",156970,"TE","Notre Dame",161
"Ephesians Prysock",158740,"CB","Washington",162
"DeMonte Capehart",122144,"DI","Clemson",163
"Jeremiah Wright",124008,"G","Auburn",164
"Albert Regis",147009,"DI","Texas A&M",165
"Cade Klubnik",156253,"QB","Clemson",166
"Kevin Coleman Jr.",160756,"WR","Missouri",167
"Josh Cameron",144513,"WR","Baylor",168
"Kaleb Elarms-Orr",146306,"LB","TCU",169
"Michael Taaffe",144732,"S","Texas",170
"Demond Claiborne",157523,"HB","Wake Forest",171
"Julian Neal",146043,"CB","Arkansas",172
"DJ Campbell",163844,"G","Texas",173
"Josh Cuevas",147570,"TE","Alabama",174
"Thaddeus Dixon",158614,"CB","North Carolina",175
"Aiden Fisher",156725,"LB","Indiana",176
"Eric Rivers",144279,"WR","Georgia Tech",177
"Jalen Stroman",144106,"S","Notre Dame",178
"Hezekiah Masses",156555,"CB","California",179
"Aamil Wagner",156973,"T","Notre Dame",180
"Jeff Caldwell",154188,"WR","Cincinnati",181
"Trey Moore",145527,"LB","Texas",182
"Drew Shelton",164186,"T","Penn State",183
"J'Mari Taylor",150482,"HB","Virginia",184
"Ar'maj Reed-Adams",122543,"G","Texas A&M",185
"Aaron Anderson",157010,"WR","LSU",186
"Kaelon Black",138448,"HB","Indiana",187
"Pat Coogan",147482,"C","Indiana",188
"Caden Curry",156488,"ED","Ohio State",189
"Miles Kitselman",163599,"TE","Tennessee",190
"Owen Heinecke",158098,"LB","Oklahoma",191
"Quintayvious Hutchins",143827,"ED","Boston College",192
"Nolan Rucci",145179,"T","Penn State",193
"John Michael Gyllenborg",150698,"TE","Wyoming",194
"Kobe Baynes",122692,"G","Kansas",195
"Eli Heidenreich",162554,"FB","Navy",196
"Jaeden Roberts",146598,"G","Alabama",197
"Tanner Koziol",156895,"TE","Houston",198
"Zane Durant",164166,"DI","Penn State",199
"Cole Wisniewski",125313,"S","Texas Tech",200
"Chase Roberts",147528,"WR","BYU",201
"Bishop Fitzgerald",176010,"S","USC",202
"Matt Gulbin",144191,"C","Michigan State",203
"Cole Brevard",129766,"DI","Texas",204
"VJ Payne",157780,"S","Kansas State",205
"Anez Cooper",162732,"G","Miami (FL)",206
"Lorenzo Styles Jr.",147474,"S","Ohio State",207
"Red Murdock",157948,"LB","Buffalo",208
"Dae'Quan Wright",157645,"TE","Mississippi",209
"Bryson Eason",124276,"DI","Tennessee",210
"George Gumbs Jr.",145870,"ED","Florida",211
"Skyler Gill-Howard",171308,"DI","Texas Tech",212
"Zavion Thomas",163697,"WR","LSU",213
"Tyren Montgomery",165655,"WR","John Carroll",214
"Oscar Delp",157080,"TE","Georgia",215
"Kendrick Law",157004,"WR","Kentucky",216
"Desmond Reid",159936,"HB","Pittsburgh",217
"Isaiah Nwokobia",144373,"S","SMU",218
"Jack Kelly",147861,"LB","BYU",219
"TJ Hall",156441,"CB","Iowa",220
"Harold Perkins Jr.",157120,"LB","LSU",221
"Robert Spears-Jennings",158074,"S","Oklahoma",222
"Jadon Canady",144405,"CB","Oregon",223
"Dane Key",157100,"WR","Nebraska",224
"Andre Fuller",141775,"CB","Toledo",225
"Parker Brailsford",162482,"C","Alabama",226
"Domani Jackson",71370,"CB","Alabama",227
"Robert Henry Jr.",174094,"HB","UTSA",228
"Riley Nowakowski",129928,"TE","Indiana",229
"Colbie Young",162739,"WR","Georgia",230
"TJ Guy",144938,"ED","Michigan",231
"Nick Barrett",146926,"DI","South Carolina",232
"Roman Hemby",144891,"HB","Indiana",233
"Noah Thomas",158678,"WR","Georgia",234
"Max Bredeson",144930,"TE","Michigan",235
"J. Michael Sturdivant",146288,"WR","Florida",236
"Kaden Wetjen",156448,"WR","Iowa",237
"Deven Eastern",144989,"DI","Minnesota",238
"Terion Stewart",130386,"HB","Virginia Tech",239
"Jalon Daniels",122555,"QB","Kansas",240
"DJ Harvey",72089,"CB","USC",241
"Micah Morris",146718,"G","Georgia",242
"Vincent Anthony Jr.",156256,"ED","Duke",243
"Tyler Onyedim",144547,"DI","Texas A&M",244
"Lake McRee",146418,"TE","USC",245
"Taylen Green",145996,"QB","Arkansas",246
"Jalen Huskey",163106,"S","Maryland",247
"Cole Payton",148154,"QB","North Dakota State",248
"DeVonta Smith",146607,"CB","Notre Dame",249
"Eric Gentry",146280,"LB","USC",250
"Rahsul Faison",176482,"HB","South Carolina",251
"Ceyair Wright",86877,"CB","Nebraska",252
"James Thompson Jr.",129930,"DI","Illinois",253
"Fa'alili Fa'amoe",131930,"T","Wake Forest",254
"Luke Altmyer",146802,"QB","Illinois",255
"Vinny Anthony II",158687,"WR","Wisconsin",256
"Sawyer Robertson",146839,"QB","Baylor",257
"Lewis Bond",143817,"WR","Boston College",258
"Haynes King",124329,"QB","Georgia Tech",259
"Keagen Trost",102324,"T","Missouri",260
"Joey Aguilar",174978,"QB","Tennessee",261
"Ethan Onianwa",155966,"G","Ohio State",262
"Diego Pavia",156927,"QB","Vanderbilt",263
"Michael Heldman",145731,"ED","Central Michigan",264
"Jeadyn Lukus",156247,"CB","Clemson",265
"Xavian Sorey Jr.",146724,"LB","Arkansas",266
"Josh Moten",124332,"CB","Southern Miss",267
"Joshua Braun",124371,"G","Kentucky",268
"Ahmari Harvey",146674,"CB","Georgia Tech",269
"Patrick Payton",143893,"ED","LSU",270
"Jalen Catalon",98867,"S","Missouri",271
"Miller Moss",70727,"QB","Louisville",272
"Seydou Traore",147046,"TE","Mississippi State",273
"Tyreek Chappell",146989,"CB","Texas A&M",274
"Tommy Castellanos",158433,"QB","Florida State",275
"Eric O'Neill",155869,"ED","Rutgers",276
"Logan Fano",157432,"ED","Utah",277
"Trebor Pena",123051,"WR","Penn State",278
"Lander Barton",158473,"LB","Utah",279
"Jake Retzlaff",70874,"QB","Tulane",280
"Connor Tollison",146881,"C","Missouri",281
"Dillon Bell",163734,"WR","Georgia",282
"Chip Trayanum",131631,"HB","Toledo",283
"Jaren Kanak",158070,"TE","Oklahoma",284
"Jamal Haynes",143918,"HB","Georgia Tech",285
"Malik Benson",169698,"WR","Oregon",286
"Joe Fagnano",104768,"QB","Connecticut",287
"Keyshawn James-Newby",175089,"ED","New Mexico",288
"Riley Mahlman",145172,"T","Wisconsin",289
"Kyron Drones",144506,"QB","Virginia Tech",290
"Athan Kaliakmanis",144971,"QB","Rutgers",291
"DJ Rogers",144696,"TE","TCU",292
"Jam Miller",157003,"HB","Alabama",293
"Louis Moore",156415,"S","Indiana",294
"Jordan van den Berg",145085,"DI","Georgia Tech",295
"Tomas Rimac",144783,"G","Virginia Tech",296
"Jakobe Thomas",145309,"S","Miami (FL)",297
"RJ Maryland",127250,"TE","SMU",298
"Jackie Marshall",158563,"DI","Baylor",299
"Caden Barnett",150690,"G","Wyoming",300
"Damonic Williams",157291,"DI","Oklahoma",301
"Keeshawn Silver",143979,"DI","USC",302
"Carsen Ryan",162467,"TE","BYU",303
"Xavier Nwankpa",156431,"S","Iowa",304
"Bryce Foster",146994,"C","Kansas",305
"Ben Bell",122665,"ED","Virginia Tech",306
"Noah Whittington",123472,"HB","Oregon",307
"Davion Carter",158004,"G","Texas Tech",308
"Jack Velling",162439,"TE","Michigan State",309
"Latrell McCutchin Sr.",144639,"CB","Houston",310
"Travis Burke",147952,"T","Memphis",311
"Brandon Cleveland",157411,"DI","North Carolina State",312
"Dean Connors",156624,"HB","Houston",313
"Luke Petitbon",123396,"C","Florida State",314
"Behren Morton",144747,"QB","Texas Tech",315
"Squirrel White",163776,"WR","Florida State",316
"Micah Pettus",146812,"T","Florida State",317
"Gary Smith III",122388,"DI","UCLA",318
"Hank Beatty",158198,"WR","Illinois",319
"Jordan Hudson",157298,"WR","SMU",320
"Austin Brown",158689,"S","Wisconsin",321
"Harrison Wallace III",145090,"WR","Mississippi",322
"Jeff Persi",129593,"T","Pittsburgh",323
"Fernando Carmona",146185,"G","Arkansas",324
"Cameron Ball",146644,"DI","Arkansas",325
"Adam Randall",156252,"HB","Clemson",326
"Scooby Williams",146701,"LB","Texas A&M",327
"DJ Singleton Jr.",156476,"S","Nebraska",328
"CJ Donaldson",157372,"HB","Ohio State",329
"Jeremiah Franklin",156225,"TE","Boston College",330
"Aidan Hubbard",145048,"ED","Northwestern",331
"Wesley Williams",162704,"ED","Duke",332
"Josh Thompson",145039,"G","LSU",333
"Jack Pyburn",157747,"ED","LSU",334
"Stephen Hall",174161,"CB","Missouri",335
"Caullin Lacy",121426,"WR","Louisville",336
"Grayson James",145214,"QB","Boston College",337
"Emmanuel Henderson Jr.",163595,"WR","Kansas",338
"Logan Diggs",147475,"HB","Mississippi",339
"Jaden Dugger",162137,"LB","Louisiana",340
"Jaren Kump",131859,"C","Utah",341
"Mark Gronowski",138303,"QB","Iowa",342
"Donavon Greene",97813,"WR","Virginia Tech",343
"Bobby Jamison-Travis",175881,"DI","Auburn",344
"Izavion Miller",172459,"G","Auburn",345
"Jimmy Rolder",162825,"LB","Michigan",346
"Anthony Smith",122885,"WR","East Carolina",347
"Dillon Wade",123265,"G","Auburn",348
"Febechi Nwaiwu",145324,"G","Oklahoma",349
"Wesley Bissainthe",156341,"LB","Miami (FL)",350
"DaShawn Jones",144195,"CB","Alabama",351
"Ahmaad Moses",158276,"S","SMU",352
"Al-Jay Henderson",145676,"HB","Buffalo",353
"Chris Hilton Jr.",146762,"WR","LSU",354
"Bauer Sharp",150160,"TE","LSU",355
"Mason Randolph",145991,"C","Boise State",356
"Dean Miller",163813,"ED","Kansas",357
"Jaylon Guilbeau",157307,"CB","Texas",358
"Gunner Maldonado",129727,"S","Kansas State",359
"Tanner Arkin",146008,"TE","Illinois",360
"Garrett DiGiorgio",146395,"G","UCLA",361
"Mark Petry",123053,"C","Syracuse",362
"Mo Westmoreland",157883,"ED","Tulane",363
"Evan Beerntsen",103865,"G","Northwestern",364
"Kendal Daniels",144668,"S","Oklahoma",365
"DQ Smith",158116,"S","South Carolina",366
"Maverick McIvor",99476,"QB","Western Kentucky",367
"Devin Mockobee",145111,"HB","Purdue",368
"Avery Smith",157000,"CB","Toledo",369
"Devonte Ross",146735,"WR","Penn State",370
"Jimmori Robinson",145523,"ED","West Virginia",371
"Karson Sharar",144873,"LB","Iowa",372
"Rohan Jones",159125,"TE","Arkansas",373
"Tristan Leigh",144121,"T","Clemson",374
"Daniel King",156877,"G","North Carolina",375
"Barion Brown",163779,"WR","LSU",376
"Donaven McCulley",144829,"WR","Michigan",377
"Marvin Jones Jr.",163745,"ED","Oklahoma",378
"Enrique Cruz Jr.",144041,"T","Kansas",379
"Marcus Allen",162743,"CB","North Carolina",380
"David Gusta",146524,"DI","Kentucky",381
"JJ Johnson",156702,"S","North Carolina State",382
"Will Kacmarek",145896,"TE","Ohio State",383
"Roydell Williams",123939,"HB","Florida State",384
"Chris Adams",145359,"T","Memphis",385
"Weylin Lapuaho",157628,"G","BYU",386
"Kentrel Bullock",124129,"HB","South Alabama",387
"Dalton Johnson",146252,"S","Arizona",388
"Shyheim Brown",143874,"S","Florida State",389
"Anthony Hankerson",157691,"HB","Oregon State",390
"Malik Rutherford",143929,"WR","Georgia Tech",391
"Matthew Hibner",129581,"TE","SMU",392
"Trevor Brock",171197,"T","Buffalo",393
"Kam Dewberry",158645,"G","Alabama",394
"Wade Woodaz",156237,"LB","Clemson",395
"Phillip Dunnam",156406,"S","UCF",396
"Blake Shapen",122282,"QB","Mississippi State",397
"Carver Willis",122626,"T","Washington",398
"Angel Johnson",148226,"HB","Washington State",399
"Kobe Prentice",163609,"WR","Baylor",400
"Amari Niblack",163606,"TE","Texas A&M",401
"Khalil Dinkins",145087,"TE","Penn State",402
"J'Onre Reed",176030,"C","USC",403
"Ethan Burke",163843,"ED","Texas",404
"Collin Wright",157276,"CB","Stanford",405
"Davon Booth",174754,"HB","Mississippi State",406
"Jalen Walthall",146075,"WR","Incarnate Word",407
"Ethan Conner",172347,"TE","Troy",408
"Mason Murphy",74236,"T","Auburn",409
"Nick Dawkins",129773,"C","Penn State",410
"Jacobian Guillory II",124097,"DI","LSU",411
"Roy Williams",158037,"ED","Northern Illinois",412
"Jordan Mosley",145033,"WR","Colorado State",413
"Toriano Pride Jr.",156245,"CB","Missouri",414
"Jaquez Moore",143866,"HB","Duke",415
"Miles Capers",146967,"ED","Vanderbilt",416
"Max Tomczak",148297,"WR","Youngstown State",417
"Chamon Metayer",144230,"TE","Arizona State",418
"Nyjalik Kelly",156339,"ED","UCF",419
"Tyler Van Dyke",122225,"QB","SMU",420
"Cash Jones",155211,"HB","Georgia",421
"Matt Lauter",145992,"TE","Boise State",422
"Corey Walker",145937,"ED","Wisconsin",423
"Ryan Mosesso",147426,"T","Massachusetts",424
"Kaidon Salter",132046,"QB","Colorado",425
"Jordan Pollard",157845,"LB","San Jose State",426
"Alan Herron",181445,"T","Maryland",427
"Romello Brinson",143936,"WR","SMU",428
"Caleb Fauria",131676,"TE","Delaware",429
"Logan Taylor",151098,"G","Boston College",430
"Desmond Purnell",144611,"LB","Kansas State",431
"Justin Jefferson",172384,"LB","Alabama",432
"Ricardo Hallman",145169,"CB","Wisconsin",433
"Kam Olds",157953,"ED","Kentucky",434
"James Brockermeyer",125681,"C","Miami (FL)",435
"Triston Newson",172569,"LB","Missouri",436
"Zach Calzada",98006,"QB","Kentucky",437
"Ja'Mori Maclin",124211,"WR","Kentucky",438
"Alex Harkey",157695,"T","Oregon",439
"Ka'ena Decambra",146066,"C","Arizona",440
"DT Sheffield",174143,"WR","Rutgers",441
"Namdi Obiazor",157288,"LB","TCU",442
"Trey Smack",157733,"K","Florida",443
"Will Ferrin",145985,"K","BYU",444
"Drew Stevens",156447,"K","Iowa",445
"Dominic Zvada",156657,"K","Michigan",446
"Brett Thorson",157071,"P","Georgia",447
"Ryan Eckley",158380,"P","Michigan State",448
"Jack Stonehouse",146897,"P","Syracuse",449
"Tommy Doman",144944,"P","Florida",450
